Collection Terms,Tags,Category_1,Category_2,Category_3
#egypt,/Disaster_Types/Manmade/Conflict_Based/Revolution,/Disaster_Types/Manmade/Conflict_Based/Revolution,,
#blacksburg,Local,Local,,
#jan25,/Disaster_Types/Manmade/Conflict_Based/Revolution,/Disaster_Types/Manmade/Conflict_Based/Revolution,,
#bahrain,Building,Building,,
#yemen,International,International,,
japan earthquake,International,International,,
#syria,"crisis, political, Arab Spring, uprising",political crisis,,
OccupyWallStreet,War,War,,
virginia tech,/Disaster_Types/Manmade/Conflict_Based/School_Shooting,/Disaster_Types/Manmade/Conflict_Based/School_Shooting,,
iran earthquake,"Earthquake, Iran",Earthquake,,
diabetes,Earthquake,Earthquake,,
heart attack,Earthquake,Earthquake,,
foursquare,social media,"geolocation, social media",,
#Isaac,/Disaster_Types/Natural/Geophysical/Storm/Hurricane,/Disaster_Types/Natural/Geophysical/Storm/Hurricane,,
emergency response,Response,Response,,
emergency recovery,Response,Response,,
emergency mitigation,Response,Response,,
emergency management,Response,Response,,
hurricane sandy,/Disaster_Types/Natural/Geophysical/Storm/Hurricane,/Disaster_Types/Natural/Geophysical/Storm/Hurricane,,
earthquake,Response,Response,,
flood,Earthquake,Earthquake,,
terrorism,Flood,Flood,,
hurricane,/Disaster_Types/Natural/Geophysical/Storm/Hurricane,/Disaster_Types/Natural/Geophysical/Storm/Hurricane,,
hurricane isaac,/Disaster_Types/Natural/Geophysical/Storm/Hurricane,/Disaster_Types/Natural/Geophysical/Storm/Hurricane,,
@NOAA,/Disaster_Types/Natural/Geophysical/Storm/Hurricane,/Disaster_Types/Natural/Geophysical/Storm/Hurricane,,
@FEMA,/Organization/Federal/FEMA,/Organization/Federal/FEMA,/Disaster_Types/Natural/Geophysical/Storm/Hurricane,
@RedCross,Terrorism,Terrorism,,
@SalvationArmy,International,International,,
@SalvationArmyUS,International,International,,
guatemala earthquake,International,International,,
Israel,Earthquake,Earthquake,,
obesity,Earthquake,Earthquake,,
typhoon,/Disaster_Types/Natural/Geophysical/Storm/Typhoon,/Disaster_Types/Natural/Geophysical/Storm/Typhoon,,
oregon shooting,/Disaster_Types/Manmade/Conflict_Based/Terrorism/Shooting,/Disaster_Types/Manmade/Conflict_Based/Terrorism/Shooting,,
Connecticut shooting,/Disaster_Types/Manmade/Conflict_Based/School_Shooting,/Disaster_Types/Manmade/Conflict_Based/School_Shooting,,
connecticut school shooting,/Disaster_Types/Manmade/Conflict_Based/School_Shooting,/Disaster_Types/Manmade/Conflict_Based/School_Shooting,,
firefighter shooting,/Disaster_Types/Manmade/Conflict_Based/Terrorism/Shooting,/Disaster_Types/Manmade/Conflict_Based/Terrorism/Shooting,,
tucson shooting,/Disaster_Types/Manmade/Conflict_Based/Terrorism/Shooting,/Disaster_Types/Manmade/Conflict_Based/Terrorism/Shooting,,
kentucky shooting,/Disaster_Types/Manmade/Conflict_Based/School_Shooting,/Disaster_Types/Manmade/Conflict_Based/School_Shooting,,
gun control,Wind,Wind,,
brazil nightclub fire,International,International,,
tsunami,International,International,,
solomon islands earthquake,Tsunami,Tsunami,,
tunisia,/location/country/tunisia,/location/country/tunisia,/Disaster_Types/Manmade/Conflict_Based/Terrorism/Assassination,
santa cruz earthquake,Tsunami,Tsunami,,
northeast storm,Tsunami,Tsunami,,
#iran,Tsunami,Tsunami,,
gun violence,National,National,,
Quantico shooting,/Disaster_Types/Manmade/Conflict_Based/Terrorism/Shooting,/Disaster_Types/Manmade/Conflict_Based/Terrorism/Shooting,,
#NDLTD,Prevention,Prevention,,
#ETD2013,General,General,,
#digitallibrary,Chemical,Chemical,,
christiansburg mall shooting,/Disaster_Types/Manmade/Conflict_Based/School_Shooting,/Disaster_Types/Manmade/Conflict_Based/School_Shooting,/Disaster_Types/Manmade/Conflict_Based/Terrorism/Shooting,
virginia tech remembrance,/Disaster_Types/Manmade/Conflict_Based/School_Shooting,/Disaster_Types/Manmade/Conflict_Based/School_Shooting,,
boston explosion,Bombing,Bombing,,
pakistan earthquake,Bombing,Bombing,,
texas fertilizer explosion,Bombing,Bombing,,
boston shooters,Bombing,Bombing,,
china earthquake,Bombing,Bombing,,
bangladesh building collapse,Bombing,Bombing,,
747 crash,Building,Building,,
turkish car bombing,Building,Building,,
ontario earthquake,Building,Building,,
oklahoma tornado,Building,Building,,
#Iranelections,Tornado,Tornado,,
philadelphia building collapse,International,International,,
#Andrea,International,International,,
santa monica shooting,/Disaster_Types/Manmade/Conflict_Based/Terrorism/Shooting,/Disaster_Types/Manmade/Conflict_Based/Terrorism/Shooting,/Disaster_Types/Manmade/Conflict_Based/School_Shooting,
iran election,International,International,,
#iranelection,National,National,,
#HassanRouhani,Nuclear,Nuclear,,
Asiana flight crash,Nuclear,Nuclear,,
#Quebec,Aircraft,Aircraft,,
Quebec train derailment,Aircraft,Aircraft,,
car bomb,Aircraft,Aircraft,,
Hezbollah Beirut,Aircraft,Aircraft,,
Spain train,Attack,Attack,,
spanish train crash,Attack,Attack,,
suicide bomb,General,General,,
philippine ferry disaster,Bombing,Bombing,,
#EgyAntiCoup,/Disaster_Types/Manmade/Conflict_Based/Mass_Murder,/Disaster_Types/Manmade/Conflict_Based/Mass_Murder,,
#egyptmassacere,massacre,/Disaster_Types/Manmade/Conflict_Based/Mass_Murder,,
#Rabaa,/Disaster_Types/Manmade/Conflict_Based/Mass_Murder,/Disaster_Types/Manmade/Conflict_Based/Mass_Murder,,
#AntiCoup,/Disaster_Types/Manmade/Conflict_Based/Mass_Murder,/Disaster_Types/Manmade/Conflict_Based/Mass_Murder,,
#R4BIA,/Disaster_Types/Manmade/Conflict_Based/Mass_Murder,/Disaster_Types/Manmade/Conflict_Based/Mass_Murder,,
#Egypte,/Disaster_Types/Manmade/Conflict_Based/Mass_Murder,/Disaster_Types/Manmade/Conflict_Based/Mass_Murder,,
#EgyptCrisis,/Disaster_Types/Manmade/Conflict_Based/Mass_Murder,/Disaster_Types/Manmade/Conflict_Based/Mass_Murder,,
#EgyptCoup,/Disaster_Types/Manmade/Conflict_Based/Mass_Murder,/Disaster_Types/Manmade/Conflict_Based/Mass_Murder,,
atlanta school shooting,/Disaster_Types/Manmade/Conflict_Based/School_Shooting,/Disaster_Types/Manmade/Conflict_Based/School_Shooting,,
georgia school shooting,/Disaster_Types/Manmade/Conflict_Based/School_Shooting,/Disaster_Types/Manmade/Conflict_Based/School_Shooting,,
michael brandon hill,/Disaster_Types/Manmade/Conflict_Based/School_Shooting,/Disaster_Types/Manmade/Conflict_Based/School_Shooting,,
atlanta gunman in school,/Disaster_Types/Manmade/Conflict_Based/School_Shooting,/Disaster_Types/Manmade/Conflict_Based/School_Shooting,,
33 killed in Malaysia,Maritime,Maritime,,
Damascus gas attack,Attack,Attack,,
Antoinette Tuff,/Disaster_Types/Manmade/Conflict_Based/School_Shooting,/Disaster_Types/Manmade/Conflict_Based/School_Shooting,,
Malaysia crash,Attack,Attack,,
nuclear plant,Attack,Attack,,
toxic water,Nuclear,Nuclear,,
Syria,Water,Water,,
Syria crisis,War,War,,
Boulder flood,Refugees,Refugees,,
Lyons flood,Flood,Flood,,
colorado flood,Flood,Flood,,
navy yard shooting,/Disaster_Types/Manmade/Conflict_Based/Terrorism/Shooting,/Disaster_Types/Manmade/Conflict_Based/Terrorism/Shooting,,
kenya mall attack,Flood,Flood,,
typhoon usagi,/Disaster_Types/Natural/Geophysical/Storm/Typhoon,/Disaster_Types/Natural/Geophysical/Storm/Typhoon,,
typhoon wipha,/Disaster_Types/Natural/Geophysical/Storm/Typhoon,/Disaster_Types/Natural/Geophysical/Storm/Typhoon,,
nevada school shooting,/Disaster_Types/Manmade/Conflict_Based/School_Shooting,/Disaster_Types/Manmade/Conflict_Based/School_Shooting,,
LAX shooting,/Disaster_Types/Manmade/Conflict_Based/Terrorism/Shooting,/Disaster_Types/Manmade/Conflict_Based/Terrorism/Shooting,,
#Haiyan,/Disaster_Types/Natural/Geophysical/Storm/Typhoon,/Disaster_Types/Natural/Geophysical/Storm/Typhoon,,
typhoon yolanda,/Disaster_Types/Natural/Geophysical/Storm/Typhoon,/Disaster_Types/Natural/Geophysical/Storm/Typhoon,,
midwest tornadoes,Tornado,Tornado,,
cyclone Cleopatra,Tornado,Tornado,,
Ukraine protest,Storm,Storm,,
chemical spill,National,National,,
#StateOfEmergency,National,National,,
New Mexico School Shooting,/Disaster_Types/Manmade/Conflict_Based/School_Shooting,/Disaster_Types/Manmade/Conflict_Based/School_Shooting,,
#Roswell,Response,Response,,
Shooting at Maryland mall,/Disaster_Types/Manmade/Conflict_Based/Terrorism/Shooting,/Disaster_Types/Manmade/Conflict_Based/Terrorism/Shooting,,
Winter Storm,Crash,Crash,,
#WinterStorm,Crash,Crash,,
UK floods,Snow,Snow,,
#Kiev,Snow,Snow,,
Nigerian school attack,school attack,/Disaster_Types/Manmade/Conflict_Based/School_Shooting,,
Nigeria school attack,school attack,/Disaster_Types/Manmade/Conflict_Based/School_Shooting,,
California storms,/Disaster_Types/Natural/Geophysical/Storm/Rain,/Disaster_Types/Natural/Geophysical/Storm/Rain,,
#MalaysiaAirlines,Snow,Snow,,
Malaysia Airlines,Snow,Snow,,
Manhattan Building Explosion,Snow,Snow,,
#Manhattan,Building,Building,,
Building collapse,Building,Building,,
landslide,Building,Building,,
School STABBING,Landslide,Landslide,,
earthquake mexico,/Disaster_Types/Natural/Geophysical/Seismic_Activity/Earthquake,/Disaster_Types/Natural/Geophysical/Seismic_Activity/Earthquake,,
#tornado,Prevention,Prevention,,
mine accident,Prevention,Prevention,,
mine turkey,Collapse,Collapse,,
wildfire,National,National,,
shooting california,/Disaster_Types/Manmade/Conflict_Based/Terrorism/Shooting,/Disaster_Types/Manmade/Conflict_Based/Terrorism/Shooting,,
Hurricane Arthur,/Disaster_Types/Natural/Geophysical/Storm/Hurricane,/Disaster_Types/Natural/Geophysical/Storm/Hurricane,,
#Arthur,/Disaster_Types/Natural/Geophysical/Storm/Hurricane,/Disaster_Types/Natural/Geophysical/Storm/Hurricane,,
#july4th,National,National,,
#July4thWeekend,General,General,,
#WorldCup,International,International,,
#ARGvsHOL,International,International,,
IanThorpe,International,International,,
ISIS,International,International,,
Iraq,Water,Water,,
Germany,War,War,,
#euco,International,International,,
another Malaysian,National,National,,
#mh17,National,National,,
taiwan,Crash,Crash,,
plane crash taiwan,National,National,,
Air Algerie,Aircraft,Aircraft,,
#AH5017,Air,Air,,
#AirAlgerie,Aircraft,Aircraft,,
West Bank,Air,Air,,
#eidmubarak,International,International,,
Ebola,Viral,Viral,,
#ebola,Viral,Viral,,
tropical storm bertha,/Disaster_Types/Natural/Geophysical/Storm/Hurricane,/Disaster_Types/Natural/Geophysical/Storm/Hurricane,,
#bertha,/Disaster_Types/Natural/Geophysical/Storm/Hurricane,/Disaster_Types/Natural/Geophysical/Storm/Hurricane,,
rafah,Viral,Viral,,
when Genocide is permissible,Refugees,Refugees,,
we tortured some folks,Genocide,Genocide,,
china,Damage,Damage,,
yazidis,National,National,,
hurricane iselle,/Disaster_Types/Natural/Geophysical/Storm/Hurricane,/Disaster_Types/Natural/Geophysical/Storm/Hurricane,,
#Iselle,/Disaster_Types/Natural/Geophysical/Storm/Hurricane,/Disaster_Types/Natural/Geophysical/Storm/Hurricane,,
Erbil,International,International,,
#tehran,International,International,,
drought,International,International,,
#Erdogan,Drought,Drought,,
Baghdad,International,International,,
#MikeBrown,International,International,,
#nmos14,National,National,,
Dr. Baden,National,National,,
yosemite,Professional,Professional,,
Philippines Earthquake,National,National,,
Hiroshima landslide,Earthquake,Earthquake,,
Tripoli,Rain,Rain,,
Staten Island,International,International,,
California,Bridge,Bridge,,
Napa,Water,Water,,
peru earthquake,National,National,,
Twitch,National,National,,
hurricane marie,/Disaster_Types/Natural/Geophysical/Storm/Hurricane,/Disaster_Types/Natural/Geophysical/Storm/Hurricane,,
Labor Day,National,National,,
#BeyondFerguson,International,International,,
Steven Sotloff,War,War,,
Nancy Writebol,Compound,Compound,,
#StrikeFastFood,Compound,Compound,,
Grand Slam,International,International,,
Nishikori,International,International,,
Enterovirus D68,International,International,,
flash floods,International,International,,
#Remember911,Flash,Flash,,
#911anniversary,Air,Air,,
Odile,/Disaster_Types/Natural/Geophysical/Storm/Hurricane,/Disaster_Types/Natural/Geophysical/Storm/Hurricane,,
#Odile,/Disaster_Types/Natural/Geophysical/Storm/Hurricane,/Disaster_Types/Natural/Geophysical/Storm/Hurricane,,
#indyref,Air,Air,,
Tokyo earthquake,General,General,,
Bell Florida shooting,/Disaster_Types/Manmade/Conflict_Based/Terrorism/Shooting,/Disaster_Types/Manmade/Conflict_Based/Terrorism/Shooting,,
Edinburgh,Earthquake,Earthquake,,
#ScotlandDecides,Earthquake,Earthquake,,
#PeopleClimateMarch,National,National,,
#FloodWallStreet,National,National,,
#broadprize,National,National,,
#2030NOW,National,National,,
#SocialGoodSummit,National,National,,
#occupycentral,National,National,,
hong kong,Attack,Attack,,
Volcano,International,International,,
#edu14,Volcano,Volcano,,
Nick Griffin,Response,Response,,
#fote14,National,National,,
#WorldTeachersDay,International,International,,
water main break,Professional,Professional,,
pot hole,Building,Building,,
shooting,/Disaster_Types/Manmade/Conflict_Based/Terrorism/Shooting,/Disaster_Types/Manmade/Conflict_Based/Terrorism/Shooting,,
gun shot,Water,Water,,
gunmen,Assassination,Assassination,,
flood,Assassination,Assassination,,
tornado,Flood,Flood,,
tsunami,Tornado,Tornado,,
storm,Tsunami,Tsunami,,
hurricane,/Disaster_Types/Natural/Geophysical/Storm/Hurricane,/Disaster_Types/Natural/Geophysical/Storm/Hurricane,,
earthquake,Storm,Storm,,
car crash,Earthquake,Earthquake,,
drunk driver,Road,Road,,
car accident,General,General,,
#iranelection,Road,Road,,
snow,Natural,Natural,,
pothole,Snow,Snow,,
blacksburg,Water,Water,,
bomb,Building,Building,,
boston,Nuclear,Nuclear,,
sink hole,National,National,,
severe weather,Sinkhole,Sinkhole,,
sinkhole,Wind,Wind,,
Sinkhole,Sinkhole,Sinkhole,,
apple,Sinkhole,Sinkhole,,
samsung,National,National,,
Hadoop,General,General,,
government,National,National,,
United States,National,National,,
news,War,War,,
iphone,International,International,,
galaxy,Flash,Flash,,
iPad,Collapse,Collapse,,
weather,Air,Air,,
rain,Air,Air,,
cold,Rain,Rain,,
flu,Snow,Snow,,
police,Viral,Viral,,
FEMA,National,National,,
Red Cross,Response,Response,,
RedCross,International,International,,
Salvation Army,International,International,,
SalvationArmy,International,International,,
USGS,International,International,,
ebola virus,National,National,,
#IfTheyGunnedMeDown,/Disaster_Types/Manmade/Conflict_Based/Terrorism/Shooting,/Disaster_Types/Manmade/Conflict_Based/Terrorism/Shooting,,
#iranelection,Viral,Viral,,
nsa leak,National,National,,
midwest storm,National,National,,
#rouhani,Storm,Storm,,
#HassanRouhani,Nuclear,Nuclear,,
flood,Nuclear,Nuclear,,
earthquake,Flood,Flood,,
tornado,Earthquake,Earthquake,,
hurricane,Tornado,Tornado,,
diabetes,Storm,Storm,,
obesity,Damage,Damage,,
shooting,/Disaster_Types/Manmade/Conflict_Based/Terrorism/Shooting,/Disaster_Types/Manmade/Conflict_Based/Terrorism/Shooting,,
cancer,National,National,,
#explosion,Damage,Damage,,
#Quebec,Chemical,Chemical,,
train explosion,National,National,,
train blast,National,National,,
suicide,National,National,,
mental illness,Attempted,Attempted,,
pollution,Psychological,Psychological,,
autism,Pollution,Pollution,,
antibiotic resistant bacteria,General,General,,
egypt,/Disaster_Types/Manmade/Conflict_Based/Mass_Murder,/Disaster_Types/Manmade/Conflict_Based/Mass_Murder,,
#edchat,Psychological,Psychological,,
#edtech,Response,Response,,
#oscars,Collaborative,Collaborative,,
#EastHarlemExplosion,International,International,,
East Harlem,National,National,,
Manhattan,Building,Building,,
mudslide,Building,Building,,
#530slide,Building,Building,,
#heartbleed,Building,Building,,
Alabama tornado,Building,Building,,
#WIRE2014,Tornado,Tornado,,
#GHC14,War,War,,
Kobani,General,General,,
Vongfong,International,International,,
#Vongfong,Storm,Storm,,
#shawshooting,shooting,/Disaster_Types/Manmade/Conflict_Based/Terrorism/Shooting,,
#Hudhud,Storm,Storm,,
#NobelPeacePrize,Storm,Storm,,
ISIS,International,International,,
St. Louis,Water,Water,,
Columbus Day,National,National,,
#OccupySLU,National,National,,
gonzalo,hurricane,/Disaster_Types/Natural/Geophysical/Storm/Hurricane,,
#RecognisePalestine,National,National,,
election,National,National,,
fearbola,Building,Building,,
Grace Hopper,Building,Building,,
@ghc,Building,Building,,
Ottawa,Building,Building,,
Ottawa Shooting,/Disaster_Types/Manmade/Conflict_Based/Terrorism/Shooting,/Disaster_Types/Manmade/Conflict_Based/Terrorism/Shooting,,
Nathan Cirillo,/Disaster_Types/Manmade/Conflict_Based/Terrorism/Shooting,/Disaster_Types/Manmade/Conflict_Based/Terrorism/Shooting,,
Michael Zehaf-Bibeau,/Disaster_Types/Manmade/Conflict_Based/Terrorism/Shooting,/Disaster_Types/Manmade/Conflict_Based/Terrorism/Shooting,,
Parliament Hill,/Disaster_Types/Manmade/Conflict_Based/Terrorism/Shooting,/Disaster_Types/Manmade/Conflict_Based/Terrorism/Shooting,,
Kevin Vickers,/Disaster_Types/Manmade/Conflict_Based/Terrorism/Shooting,/Disaster_Types/Manmade/Conflict_Based/Terrorism/Shooting,,
#Halloween,National,National,,
#OttawaShooting,/Disaster_Types/Manmade/Conflict_Based/Terrorism/Shooting,/Disaster_Types/Manmade/Conflict_Based/Terrorism/Shooting,,
Craig Spencer,National,National,,
Marysville shooting,/Disaster_Types/Manmade/Conflict_Based/School_Shooting,/Disaster_Types/Manmade/Conflict_Based/School_Shooting,,
#Marysville,/Disaster_Types/Manmade/Conflict_Based/School_Shooting,/Disaster_Types/Manmade/Conflict_Based/School_Shooting,,
#MPHS,school shooting,/Disaster_Types/Manmade/Conflict_Based/School_Shooting,,
#BurkinaFaso,National,National,,
#election2014,National,National,,
Nigeria school,National,National,,
Mexico missing students,/Disaster_Types/Manmade/Conflict_Based/Terrorism/Kidnapping,/Disaster_Types/Manmade/Conflict_Based/Terrorism/Kidnapping,/Disaster_Types/Manmade/Conflict_Based/Riot,
Va Tech,National,National,,
#austerity,National,National,,
Milan protests,National,National,,
Peter Kassig,National,National,,
#AIT14,National,National,,
thundersnow,National,National,,
london student protest,National,National,,
#fsushooting,school shooting,/Disaster_Types/Manmade/Conflict_Based/School_Shooting,,
Florida State University,/Disaster_Types/Manmade/Conflict_Based/School_Shooting,/Disaster_Types/Manmade/Conflict_Based/School_Shooting,,
#Thanksgiving,National,National,,
Kenya bus attack,/Disaster_Types/Manmade/Conflict_Based/Terrorism/Shooting,/Disaster_Types/Manmade/Conflict_Based/Terrorism/Shooting,,
Kenya,/Disaster_Types/Manmade/Conflict_Based/Terrorism/Shooting,/Disaster_Types/Manmade/Conflict_Based/Terrorism/Shooting,,
afghanistan volleyball,National,National,,
wednesday snow,National,National,,
#DarrenWilsonVerdict,/Disaster_Types/Manmade/Conflict_Based/Terrorism/Shooting,/Disaster_Types/Manmade/Conflict_Based/Terrorism/Shooting,,
#ShutItDown,National,National,,
protest,Bridge,Bridge,,
Montreal ecole Polytechnique,/Disaster_Types/Manmade/Conflict_Based/Terrorism/Shooting,/Disaster_Types/Manmade/Conflict_Based/Terrorism/Shooting,anniversary path here,
Hagupit,Attack,Attack,,
#RubyPH,Attack,Attack,,
#DTLA,Attack,Attack,,
#LAfire,Attack,Attack,,
#LockDownFaisalabad,Attack,Attack,,
Maryland Plane Crash,Attack,Attack,,
#TortureReport,Attack,Attack,,
the Ebola fighters,Attack,Attack,,
Ziad Abu Ein,Attack,Attack,,
#BayAreaStorm,Attack,Attack,,
#stormageddon,Attack,Attack,,
#MillennialHistory,Attack,Attack,,
#SydneySiege,Attack,Attack,,
oregon school shooting,/Disaster_Types/Manmade/Conflict_Based/School_Shooting,/Disaster_Types/Manmade/Conflict_Based/School_Shooting,,
#illridewithyou,Attack,Attack,,
#PeshawarAttack,/Disaster_Types/Manmade/Conflict_Based/Terrorism/Shooting,/Disaster_Types/Manmade/Conflict_Based/Terrorism/Shooting,/Disaster_Types/Manmade/Conflict_Based/School_Shooting,
Taliban,/Disaster_Types/Manmade/Conflict_Based/Terrorism/Shooting,/Disaster_Types/Manmade/Conflict_Based/Terrorism/Shooting,/Disaster_Types/Manmade/Conflict_Based/School_Shooting,
#MillionsMarchNYC,Attack,Attack,,
#PrayForPeshawar,/Disaster_Types/Manmade/Conflict_Based/Terrorism/Shooting,/Disaster_Types/Manmade/Conflict_Based/Terrorism/Shooting,/Disaster_Types/Manmade/Conflict_Based/School_Shooting,
#disastertech,Attack,Attack,,
Chikungunya,National,National,,
japan snowstorm,National,National,,
#tunisianelections,political,/location/country/tunisia,,
North Korea Internet,National,National,,
missouri shooting,/Disaster_Types/Manmade/Conflict_Based/Terrorism/Shooting,/Disaster_Types/Manmade/Conflict_Based/Terrorism/Shooting,,
AirAsia,Tsunami,Tsunami,,
QZ8105,Tsunami,Tsunami,,
#AirAsia,Tsunami,Tsunami,,
#8501Qs,Tsunami,Tsunami,,
#QZ8501,Tsunami,Tsunami,,
harvard diabetes breakthrough,Tsunami,Tsunami,,
winter storm Gorgon,Tsunami,Tsunami,,
#Gorgon,Tsunami,Tsunami,,
Charlie Hebdo,/Disaster_Types/Manmade/Conflict_Based/Terrorism/Shooting,/Disaster_Types/Manmade/Conflict_Based/Terrorism/Shooting,,
#ParisShooting,/Disaster_Types/Manmade/Conflict_Based/Terrorism/Shooting,/Disaster_Types/Manmade/Conflict_Based/Terrorism/Shooting,,
#CharlieHebdo,/Disaster_Types/Manmade/Conflict_Based/Terrorism/Shooting,/Disaster_Types/Manmade/Conflict_Based/Terrorism/Shooting,,
French President Hollande,/Disaster_Types/Manmade/Conflict_Based/Terrorism/Shooting,/Disaster_Types/Manmade/Conflict_Based/Terrorism/Shooting,,
#FreezingCold,Tsunami,Tsunami,,
Kosher,Tsunami,Tsunami,,
Dammartin-en-Goele,Water,Water,,
Mexico City,/Disaster_Types/Manmade/Human_Systems_Failure/Industrial/Hazardous_Materials_Explosion,/Disaster_Types/Manmade/Human_Systems_Failure/Industrial/Hazardous_Materials_Explosion,,
#PrayForUSC,/Disaster_Types/Manmade/Conflict_Based/School_Shooting,/Disaster_Types/Manmade/Conflict_Based/School_Shooting,,
#USCShooting,school shooting,/Disaster_Types/Manmade/Conflict_Based/School_Shooting,,
#ChapelHillShooting,/Disaster_Types/Manmade/Conflict_Based/Terrorism/Shooting,/Disaster_Types/Manmade/Conflict_Based/Terrorism/Shooting,,
Tunisia museum attack,/location/country/tunisia,/location/country/tunisia,/Disaster_Types/Manmade/Conflict_Based/Terrorism/Shooting,
gulf of mexico fire,/Disaster_Types/Manmade/Human_Systems_Failure/Industrial/Hazardous_Materials_Fire,/Disaster_Types/Manmade/Human_Systems_Failure/Industrial/Hazardous_Materials_Fire,,
#GarissaAttack,/Disaster_Types/Manmade/Conflict_Based/School_Shooting,/Disaster_Types/Manmade/Conflict_Based/School_Shooting,,
#RIPWalterScott,shooting,/Disaster_Types/Manmade/Conflict_Based/Terrorism/Shooting,,
Walter Scott,/Disaster_Types/Manmade/Conflict_Based/Terrorism/Shooting,/Disaster_Types/Manmade/Conflict_Based/Terrorism/Shooting,,
#WalterScott,/Disaster_Types/Manmade/Conflict_Based/Terrorism/Shooting,/Disaster_Types/Manmade/Conflict_Based/Terrorism/Shooting,,
#BostonBombing,Building,Building,,
#selma50,Building,Building,,
Ft. Hood,Building,Building,,
#PurpleHeart,War,War,,
#veterans,War,War,,
#Veterans,War,War,,
Purple Heart ceremony,War,War,,
obama castro,War,War,,
#EricHarris,War,War,,
Jordan Spieth,War,War,,
Wayne Community College,/Disaster_Types/Manmade/Conflict_Based/School_Shooting,/Disaster_Types/Manmade/Conflict_Based/School_Shooting,,
remember april 16,/Disaster_Types/Manmade/Conflict_Based/School_Shooting,/Disaster_Types/Manmade/Conflict_Based/School_Shooting,,
#WeRemember,/Disaster_Types/Manmade/Conflict_Based/School_Shooting,/Disaster_Types/Manmade/Conflict_Based/School_Shooting,,
3.2 Mile Run VT,/Disaster_Types/Manmade/Conflict_Based/School_Shooting,/Disaster_Types/Manmade/Conflict_Based/School_Shooting,,
#BringBackOurGirls,War,War,,
boat capsized,War,War,,
#EarthDay,War,War,,
#FreddieGray,War,War,,
Calbuco Volcano,War,War,,
#MigrantLivesMatter,War,War,,
Nepal earthquake,War,War,,
#NepalEarthquake,War,War,,
baltimore,War,War,,
Yik Yak Virginia Tech,War,War,,
Marilyn Mosby,War,War,,
Watergate collapse,War,War,,
chernobyl fire,War,War,,
My Name Is Jamaal,War,War,,
#GE2015,War,War,,
I-285 plane crash,War,War,,
#TyphoonNoul,War,War,,
#Amtrak,War,War,,
#Amtrak188,War,War,,
#Burundi,War,War,,
House of representatives,War,War,,
#DodongPH,War,War,,
california oil,War,War,,
#MemorialDay,War,War,,
houston flood,War,War,,
Yangtze ship,War,War,,
Sepp Blatter,War,War,,
USA Freedom Act,War,War,,
#TripleCrown,War,War,,
ny prison break,War,War,,
g7 summit,War,War,,
#G7Summit,War,War,,
Tbilisi Flood,War,War,,
South Carolina church shooting,/Disaster_Types/Manmade/Conflict_Based/Terrorism/Shooting,/Disaster_Types/Manmade/Conflict_Based/Terrorism/Shooting,,
Charleston shooting,/Disaster_Types/Manmade/Conflict_Based/Terrorism/Shooting,/Disaster_Types/Manmade/Conflict_Based/Terrorism/Shooting,,
#Charleston,shooting,/Disaster_Types/Manmade/Conflict_Based/Terrorism/Shooting,,
#CharlestonShooting,/Disaster_Types/Manmade/Conflict_Based/Terrorism/Shooting,/Disaster_Types/Manmade/Conflict_Based/Terrorism/Shooting,,
hate crime,/Disaster_Types/Manmade/Conflict_Based/Terrorism/Shooting,/Disaster_Types/Manmade/Conflict_Based/Terrorism/Shooting,,
Confederate Flag,War,War,,
#Obamacare,War,War,,
#Tunisia,/location/country/tunisia,/location/country/tunisia,/Disaster_Types/Manmade/Conflict_Based/Terrorism/Shooting,
#LoveWins,War,War,,
#SCOTUS,War,War,,
Supreme Court,War,War,,
drug addiction recovery,War,War,,
greece,War,War,,
#4thofJuly,War,War,,
#USWNT,War,War,,
#sevenseven,War,War,,
Zaria bomb,War,War,,
#PrayForKorea,War,War,,
wdbj7 shooting,/Disaster_Types/Manmade/Conflict_Based/Terrorism/Shooting,/Disaster_Types/Manmade/Conflict_Based/Terrorism/Shooting,,
wdbj7 shooter,/Disaster_Types/Manmade/Conflict_Based/Terrorism/Shooting,/Disaster_Types/Manmade/Conflict_Based/Terrorism/Shooting,,
#WDBJ,/Disaster_Types/Manmade/Conflict_Based/Terrorism/Shooting,/Disaster_Types/Manmade/Conflict_Based/Terrorism/Shooting,,
black lives matter,War,War,,
blacklivesmatter,Shooting,Shooting,,
#Mecca,Shooting,Shooting,,
Paris,Shooting,Shooting,,
Winter Storm Jonas,Shooting,Shooting,,
Zika Virus,Shooting,Shooting,,
#UtProsim,Shooting,Shooting,,
@BOS311x,Shooting,Shooting,,
Taiwan Earthquake,Shooting,Shooting,,
Winter Storm Lexi,Shooting,Shooting,,
#Lexi,Shooting,Shooting,,
power outage,Shooting,Shooting,,
AlphaGo,Shooting,Shooting,,
DeepMind,Shooting,Shooting,,
#Karadzic,Shooting,Shooting,,
Tappan Zee Bridge Replacement,Shooting,Shooting,,
New Tappan Zee Bridge,Shooting,Shooting,,
Tappan Zee Bridge & Transit,Shooting,Shooting,,
Elizabeth River Tunnels,Shooting,Shooting,,
ERT,Shooting,Shooting,,
Elizabeth River Crossing,Shooting,Shooting,,
ERC,Shooting,Shooting,,
Midtown Tunnel lawsuit,Shooting,Shooting,,
East End Crossing,Shooting,Shooting,,
Downtown Crossing,Shooting,Shooting,,
Public-Private Partnership,Shooting,Shooting,,
triple P,Shooting,Shooting,,
Equador earthquake,Shooting,Shooting,,
College,Shooting,Shooting,,
University,Shooting,Shooting,,
School,Shooting,Shooting,,
WMATA,Shooting,Shooting,,
SafeTrack,Shooting,Shooting,,
SafeTrack,Shooting,Shooting,,
Saudi youth,Shooting,Shooting,,
Saudi youth employment,Shooting,Shooting,,
Saudi youth jobs,Shooting,Shooting,,
#CarryTheLoad,Shooting,Shooting,,
#GoSilent,Shooting,Shooting,,
#GratefulNation,Shooting,Shooting,,
#HappyMemorialDay,Shooting,Shooting,,
#HonorThem,Shooting,Shooting,,
#MemorialDayWeekend,Shooting,Shooting,,
#MemorialMarch,Shooting,Shooting,,
#RemembertheFallen,Shooting,Shooting,,
#VetTogether,Shooting,Shooting,,
#Vets,Shooting,Shooting,,
#honorthefallen,Shooting,Shooting,,
#military,Shooting,Shooting,,
@ArlingtonNatl,Shooting,Shooting,,
@DeptVetAffairs,Shooting,Shooting,,
@HireHeroesUSA,Shooting,Shooting,,
@Hooves4Heroes,Shooting,Shooting,,
@Hope4Warriors,Shooting,Shooting,,
@OperationPTSD,Shooting,Shooting,,
@TheUnknownsMov,Shooting,Shooting,,
@USArmy,Shooting,Shooting,,
@VetAffairsOIG,Shooting,Shooting,,
Veterans,Shooting,Shooting,,
Safety,Shooting,Shooting,,
Metrorail,Shooting,Shooting,,
Train,Shooting,Shooting,,
Bus,Shooting,Shooting,,
Traffic,Shooting,Shooting,,
Crowd,Shooting,Shooting,,
Fairfax Connector,Shooting,Shooting,,
Arlington Transit,Shooting,Shooting,,
ART,Shooting,Shooting,,
Telework,Shooting,Shooting,,
Telecommute,Shooting,Shooting,,
Work from home,Shooting,Shooting,,
Walk,Shooting,Shooting,,
Bike,Shooting,Shooting,,
Slug,Shooting,Shooting,,
Carpool,Shooting,Shooting,,
#DDay,Shooting,Shooting,,
#wmata,Shooting,Shooting,,
#SafeTrack,Shooting,Shooting,,
#FixDCMetro,Shooting,Shooting,,
#FixWMATA,Shooting,Shooting,,
#Orlando,Shooting,Shooting,,
#PrayForOrlando,Shooting,Shooting,,
Orlando nightclub shooting,Shooting,Shooting,,
Orlando,Shooting,Shooting,,
Omar Mateen,Shooting,Shooting,,
#PulseShooting,Shooting,Shooting,,
#NoBillNoBreak,Shooting,Shooting,,
#Brexit,Shooting,Shooting,,
Istanbul airport attack,Shooting,Shooting,,
#Istanbul,International,International,,
West Virginia,International,International,,
#SDGsChat,International,International,,
@ThomasGass,International,International,,
#AltonSterling,International,International,,
#PhilandoCastile,Shooting,Shooting,,
Nepartak,Shooting,Shooting,,
#Dallas,Shooting,Shooting,,
Bomb Robot,Shooting,Shooting,,
#DallasPoliceShootings,Shooting,Shooting,,
Police Robot,Shooting,Shooting,,
Shooting video,Shooting,Shooting,,
Facebook live video,Shooting,Shooting,,
Facebook live stream,Shooting,Shooting,,
#BatonRouge,Shooting,Shooting,,
#BlueLiveMatter,Shooting,Shooting,,
#BlackLivesMatter,Shooting,Shooting,,
#BlueLivesMatter,Shooting,Shooting,,
#BlackLiveMatter,Shooting,Shooting,,
Pokemon go,Shooting,Shooting,,
#PokemonGO,Shooting,Shooting,,
#NiceAttack,Shooting,Shooting,,
Mohamed Lahouaiej Bouhlel,Shooting,Shooting,,
Turquía,Shooting,Shooting,,
Yahoo,Shooting,Shooting,,
hrdf,Shooting,Shooting,,
#Thankyouforyourservice,Industrial,Industrial,,
"""2 San Diego""",Industrial,Industrial,,
#KorrynGaines,Industrial,Industrial,,
tulsa shooting,Industrial,Industrial,,
charlotte shooting,Industrial,Industrial,,
police shooting,Industrial,Industrial,,
washington mall shooting,Industrial,Industrial,,
houston shooting,Industrial,Industrial,,
Shooting Hoax,Industrial,Industrial,,
hoboken train crash,Industrial,Industrial,,
hoboken,Industrial,Industrial,,
NJ Transit,Industrial,Industrial,,
Hurricane Matthew,/Disaster_Types/Natural/Geophysical/Storm/Hurricane,/Disaster_Types/Natural/Geophysical/Storm/Hurricane,,
#HurricaneMatthew,/Disaster_Types/Natural/Geophysical/Storm/Hurricane,/Disaster_Types/Natural/Geophysical/Storm/Hurricane,,
#Matthew,hurricane,/Disaster_Types/Natural/Geophysical/Storm/Hurricane,,
#hurricane,Industrial,Industrial,,
Evacuate,hurricane,/Disaster_Types/Natural/Geophysical/Storm/Hurricane,,
허리케인 매튜,hurricane,/Disaster_Types/Natural/Geophysical/Storm/Hurricane,,
Eyewall,/Disaster_Types/Natural/Geophysical/Storm/Hurricane,/Disaster_Types/Natural/Geophysical/Storm/Hurricane,,
storm surge,/Disaster_Types/Natural/Geophysical/Storm/Hurricane,/Disaster_Types/Natural/Geophysical/Storm/Hurricane,,
evacuation,hurricane,/Disaster_Types/Natural/Geophysical/Storm/Hurricane,,
bridge closure,/Disaster_Types/Natural/Geophysical/Storm/Hurricane,/Disaster_Types/Natural/Geophysical/Storm/Hurricane,,
tunnel closure,/Disaster_Types/Natural/Geophysical/Storm/Hurricane,/Disaster_Types/Natural/Geophysical/Storm/Hurricane,,
tunnel closed,/Disaster_Types/Natural/Geophysical/Storm/Hurricane,/Disaster_Types/Natural/Geophysical/Storm/Hurricane,,
Palm Beach,/Disaster_Types/Natural/Geophysical/Storm/Hurricane,/Disaster_Types/Natural/Geophysical/Storm/Hurricane,,
coast,/Disaster_Types/Natural/Geophysical/Storm/Hurricane,/Disaster_Types/Natural/Geophysical/Storm/Hurricane,,
Daytona Beach,/Disaster_Types/Natural/Geophysical/Storm/Hurricane,/Disaster_Types/Natural/Geophysical/Storm/Hurricane,,
national hurricane center,/Disaster_Types/Natural/Geophysical/Storm/Hurricane,/Disaster_Types/Natural/Geophysical/Storm/Hurricane,,
Miami,/Disaster_Types/Natural/Geophysical/Storm/Hurricane,/Disaster_Types/Natural/Geophysical/Storm/Hurricane,,
Haiti,/Disaster_Types/Natural/Geophysical/Storm/Hurricane,/Disaster_Types/Natural/Geophysical/Storm/Hurricane,,
Bahamas,/Disaster_Types/Natural/Geophysical/Storm/Hurricane,/Disaster_Types/Natural/Geophysical/Storm/Hurricane,,
wind,/Disaster_Types/Natural/Geophysical/Storm/Hurricane,/Disaster_Types/Natural/Geophysical/Storm/Hurricane,,
power grid,/Disaster_Types/Natural/Geophysical/Storm/Hurricane,/Disaster_Types/Natural/Geophysical/Storm/Hurricane,,
outage duration,/Disaster_Types/Natural/Geophysical/Storm/Hurricane,/Disaster_Types/Natural/Geophysical/Storm/Hurricane,,
ice,/Disaster_Types/Natural/Geophysical/Storm/Hurricane,/Disaster_Types/Natural/Geophysical/Storm/Hurricane,,
generator,hurricane,/Disaster_Types/Natural/Geophysical/Storm/Hurricane,,
extension cord,/Disaster_Types/Natural/Geophysical/Storm/Hurricane,/Disaster_Types/Natural/Geophysical/Storm/Hurricane,,
power system,/Disaster_Types/Natural/Geophysical/Storm/Hurricane,/Disaster_Types/Natural/Geophysical/Storm/Hurricane,,
Florida Power Light,/Disaster_Types/Natural/Geophysical/Storm/Hurricane,/Disaster_Types/Natural/Geophysical/Storm/Hurricane,,
FPL,/Disaster_Types/Natural/Geophysical/Storm/Hurricane,/Disaster_Types/Natural/Geophysical/Storm/Hurricane,,
FP&L,/Disaster_Types/Natural/Geophysical/Storm/Hurricane,/Disaster_Types/Natural/Geophysical/Storm/Hurricane,,
Georgia Power,/Disaster_Types/Natural/Geophysical/Storm/Hurricane,/Disaster_Types/Natural/Geophysical/Storm/Hurricane,,
live wire,/Disaster_Types/Natural/Geophysical/Storm/Hurricane,/Disaster_Types/Natural/Geophysical/Storm/Hurricane,,
sewer,hurricane,/Disaster_Types/Natural/Geophysical/Storm/Hurricane,,
water,/Disaster_Types/Natural/Geophysical/Storm/Hurricane,/Disaster_Types/Natural/Geophysical/Storm/Hurricane,,
boil water notice,/Disaster_Types/Natural/Geophysical/Storm/Hurricane,/Disaster_Types/Natural/Geophysical/Storm/Hurricane,,
storm sewer,/Disaster_Types/Natural/Geophysical/Storm/Hurricane,/Disaster_Types/Natural/Geophysical/Storm/Hurricane,,
Typhoon Haima,Industrial,Industrial,,
Typhoon Lawin,Industrial,Industrial,,
pipeline explosion Alabama,Industrial,Industrial,,
Iowa police shooting,Industrial,Industrial,,
Trump,Industrial,Industrial,,
New Zealand Earthquake,Industrial,Industrial,,
#eqnz,Industrial,Industrial,,
utah school stabbing,Industrial,Industrial,,
White nationalism,Industrial,Industrial,,
Racial prejudice,National,National,,
Paris attacks anniversary,International,International,,
coastal restoration,International,International,,
Ohio State attack,International,International,,
Columbus Fire,International,International,,
Great Barrier Reef,International,International,,
Dakota Access Pipeline,International,International,,
#NoDAPL,International,International,,
attack columbus ohio,International,International,,
earthquake el salvador,International,International,,
coastal erosion,International,International,,
beach erosion,International,International,,
coastal flooding,International,International,,
#erosion,International,International,,
Louisiana flooding,International,International,,
#flood2016,International,International,,
false flag,International,International,,
aleppo evacuation,International,International,,
Aleppo battles,International,International,,
#BerlinAttack,International,International,,
IMF Christine Lagarde guilty,International,International,,
#ElectoralCollege,International,International,,
Wealth,International,International,,
Keystone XL,International,International,,
Immigration Executive Order,International,International,,
trump media,International,International,,
Trails,International,International,,
#appalachiantrail,National,National,,
#at2017,National,National,,
#pct2017,National,National,,
#continentaldividetrail,National,National,,
Appalachian Trail,National,National,,
Pacific Crest Trail,National,National,,
Continental Divide Trail,National,National,,
London Terrorist Attack,National,National,,
I-85 bridge collapse,National,National,,
St. Petersburg attack,Bridge,Bridge,,
St. Petersburg bomb,Attack,Attack,,
San Bernardino school shooting,/Disaster_Types/Manmade/Conflict_Based/School_Shooting,/Disaster_Types/Manmade/Conflict_Based/School_Shooting,,
power outage SF,Attack,Attack,,
#poweroutage,Attack,Attack,,
UT Austin stabbing,Storm,Storm,,
Sri Lanka rains,National,National,,
japan flood,Water,Water,,
#Eclipse2017,Earthquake,Earthquake,,
#Eclipse,Earthquake,Earthquake,,
#solareclipse,Earthquake,Earthquake,,
#August21,Earthquake,Earthquake,,
#Charlottesville,Earthquake,Earthquake,,
#HurricaneHarvey,/Disaster_Types/Natural/Geophysical/Storm/Hurricane,/Disaster_Types/Natural/Geophysical/Storm/Hurricane,,
Hurricane Harvey,/Disaster_Types/Natural/Geophysical/Storm/Hurricane,/Disaster_Types/Natural/Geophysical/Storm/Hurricane,,
#solareclipse2017,National,National,,
#greatamericaneclipse,National,National,,
#totalsolareclipse,solar eclipse,,,
#eclipseglasses,solar eclipse,,,
#oreclipse,solar eclipse,,,
#totaleclipse,National,National,,
#HurricaneIrma,/Disaster_Types/Natural/Geophysical/Storm/Hurricane,/Disaster_Types/Natural/Geophysical/Storm/Hurricane,,
Hurricane Irma,/Disaster_Types/Natural/Geophysical/Storm/Hurricane,/Disaster_Types/Natural/Geophysical/Storm/Hurricane,,
Hurricane Irma AT&T,/Disaster_Types/Natural/Geophysical/Storm/Hurricane,/Disaster_Types/Natural/Geophysical/Storm/Hurricane,,
Hurricane Irma comcast,/Disaster_Types/Natural/Geophysical/Storm/Hurricane,/Disaster_Types/Natural/Geophysical/Storm/Hurricane,,
Hurricane Irma Florida,/Disaster_Types/Natural/Geophysical/Storm/Hurricane,/Disaster_Types/Natural/Geophysical/Storm/Hurricane,,
mountain valley pipeline,National,National,,
earthquake New River Valley,Natural,Natural,,
#mexicocity,/Disaster_Types/Natural/Geophysical/Seismic_Activity/Earthquake,/Disaster_Types/Natural/Geophysical/Seismic_Activity/Earthquake,,
#mexicoearthquake,earthquake,/Disaster_Types/Natural/Geophysical/Seismic_Activity/Earthquake,,
#ayudaamexico,earthquake,/Disaster_Types/Natural/Geophysical/Seismic_Activity/Earthquake,,
#somosmexico,earthquake,/Disaster_Types/Natural/Geophysical/Seismic_Activity/Earthquake,,
#prayersformexico,earthquake,/Disaster_Types/Natural/Geophysical/Seismic_Activity/Earthquake,,
#ayudacdmx,earthquake,/Disaster_Types/Natural/Geophysical/Seismic_Activity/Earthquake,,
#fuerzamexico,/Disaster_Types/Natural/Geophysical/Seismic_Activity/Earthquake,/Disaster_Types/Natural/Geophysical/Seismic_Activity/Earthquake,,
#sismo,/Disaster_Types/Natural/Geophysical/Seismic_Activity/Earthquake,/Disaster_Types/Natural/Geophysical/Seismic_Activity/Earthquake,,
#northkorea #earthquake,Earthquake,Earthquake,,
north korea earthquake,Nuclear,Nuclear,,
#shooting #LasVegas,/Disaster_Types/Manmade/Conflict_Based/Terrorism/Shooting,/Disaster_Types/Manmade/Conflict_Based/Terrorism/Shooting,,
#VegasShooting,/Disaster_Types/Manmade/Conflict_Based/Terrorism/Shooting,/Disaster_Types/Manmade/Conflict_Based/Terrorism/Shooting,,
#HurricaneNate,/Disaster_Types/Natural/Geophysical/Storm/Hurricane,/Disaster_Types/Natural/Geophysical/Storm/Hurricane,,
Hurricane Nate,/Disaster_Types/Natural/Geophysical/Storm/Hurricane,/Disaster_Types/Natural/Geophysical/Storm/Hurricane,,
#CaliforniaWildfires,Road,Road,,
earthquake Iraq Iran,WildFire,WildFire,,
Manchester arena attack,Earthquake,Earthquake,,
World Health Organization,Attack,Attack,,
wind power,International,International,,
Dunbar High School shooting,/Disaster_Types/Manmade/Conflict_Based/School_Shooting,/Disaster_Types/Manmade/Conflict_Based/School_Shooting,,
NIU shooting,/Disaster_Types/Manmade/Conflict_Based/School_Shooting,/Disaster_Types/Manmade/Conflict_Based/School_Shooting,,
Virginia Tech shooting,/Disaster_Types/Manmade/Conflict_Based/School_Shooting,/Disaster_Types/Manmade/Conflict_Based/School_Shooting,,
Worthing High School shooting,/Disaster_Types/Manmade/Conflict_Based/School_Shooting,/Disaster_Types/Manmade/Conflict_Based/School_Shooting,,
Sparks Middle School shooting,/Disaster_Types/Manmade/Conflict_Based/School_Shooting,/Disaster_Types/Manmade/Conflict_Based/School_Shooting,,
Umpqua College shooting,/Disaster_Types/Manmade/Conflict_Based/School_Shooting,/Disaster_Types/Manmade/Conflict_Based/School_Shooting,,
Townville School shooting,/Disaster_Types/Manmade/Conflict_Based/School_Shooting,/Disaster_Types/Manmade/Conflict_Based/School_Shooting,,
University Alabama shooting,/Disaster_Types/Manmade/Conflict_Based/School_Shooting,/Disaster_Types/Manmade/Conflict_Based/School_Shooting,,
kentucky school shooting,Wind,Wind,,
#ParklandSchoolShooting,Shooting,Shooting,,
Douglas shooting,Shooting,Shooting,,
#Riley,Winter Storm Riley,,,
winter storm riley,Shooting,Shooting,,
riley power,Shooting,Shooting,,
riley wind,Shooting,Shooting,,
#noreaster,Shooting,Shooting,,
riley flood,Shooting,Shooting,,
east coast,Shooting,Shooting,,
#Transit,Deloitte Transit,,,
#MTA,Shooting,Shooting,,
#mtabus,Shooting,Shooting,,
#Publictransportation,Shooting,Shooting,,
#nycsubway,Shooting,Shooting,,
#metro,Shooting,Shooting,,
#CTA,Deloitte Transit,,,
#bustimings,Shooting,Shooting,,
#Traffic,Shooting,Shooting,,
#metrofail,Shooting,Shooting,,
#carsharing,Shooting,Shooting,,
#ridesharing,Deloitte Transit,,,
#intermodal,Shooting,Shooting,,
#train,Shooting,Shooting,,
#station,Shooting,Shooting,,
#rapidtransit,Shooting,Shooting,,
#BART,Shooting,Shooting,,
#walkout,Shooting,Shooting,,
Maryland school shooting,National,National,,
Paleobiology,Shooting,Shooting,,
Paleontology,Shooting,Shooting,,
Dinosaurologist,Shooting,Shooting,,
Dinosaur,Shooting,Shooting,,
Prehistory,Shooting,Shooting,,
Extinction Paleontology,Shooting,Shooting,,
Volcano Paleontology,Shooting,Shooting,,
indominus rex,Shooting,Shooting,,
life finds a way,Shooting,Shooting,,
isla nublar,Shooting,Shooting,,
Jurassic,Shooting,Shooting,,
Jurassic park,Shooting,Shooting,,
Jurassic world,Shooting,Shooting,,
raptor squad,Shooting,Shooting,,
reptors,Shooting,Shooting,,
mount sibo,Shooting,Shooting,,
Claire Dearing,Shooting,Shooting,,
Dr Grant,Shooting,Shooting,,
Dr Sattler,Shooting,Shooting,,
Dr Ian Malcolm,Shooting,Shooting,,
Benjamin Lockwood,Shooting,Shooting,,
Justice smith,Shooting,Shooting,,
franklin webb,Shooting,Shooting,,
Daniella Pineda,Shooting,Shooting,,
Zia Rodriguez,Shooting,Shooting,,
Geraldine Chaplin,Shooting,Shooting,,
Rafe spall,Shooting,Shooting,,
Eli mills,Shooting,Shooting,,
mass extinction,Shooting,Shooting,,
embryo,Shooting,Shooting,,
archeology,Shooting,Shooting,,
allosaurus,Shooting,Shooting,,
ankylosaurus,Shooting,Shooting,,
apatosaurus,Shooting,Shooting,,
baryonyx,Shooting,Shooting,,
brachiosaurus,Shooting,Shooting,,
compsognathus,Shooting,Shooting,,
gallimimus,Shooting,Shooting,,
indoraptor,Shooting,Shooting,,
pteranodon,Shooting,Shooting,,
sinoceratops,Shooting,Shooting,,
stegosaurus,Shooting,Shooting,,
stygimoloch,Shooting,Shooting,,
triceratops,Shooting,Shooting,,
tyrannosaurus rex,Shooting,Shooting,,
velociraptor,Shooting,Shooting,,
concavenator,Shooting,Shooting,,
dilophosaurus,Shooting,Shooting,,
dimetrodon,Shooting,Shooting,,
dracorex,Shooting,Shooting,,
edmontosaurus,Shooting,Shooting,,
kosmoceratops,Shooting,Shooting,,
mononykus,Shooting,Shooting,,
protoceratops,Shooting,Shooting,,
Indiana school shooting,Shooting,Shooting,,
Noblesville school shooting,Shooting,Shooting,,
mosasaurus,Shooting,Shooting,,
Trex,Paleontology,,,
T-rex,Shooting,Shooting,,
Tyrannosaurus,Shooting,Shooting,,
FEMA,Shooting,Shooting,,
RedCross,Response,Response,,
virginia_tech,/Disaster_Types/Manmade/Conflict_Based/School_Shooting,/Disaster_Types/Manmade/Conflict_Based/School_Shooting,,
vt_news,International,International,,
car_crash,National,National,,
Climate_Change,Road,Road,,
confederate_flag,Natural,Natural,,
El_Chapo_escape,National,National,,
Joaquin,Earthquake,Earthquake,,
Oregon,International,International,,
paris_shooting,National,National,,
pothole,National,National,,
Race_Together,Water,Water,,
Umpqua_Community_College,/Disaster_Types/Manmade/Conflict_Based/School_Shooting,/Disaster_Types/Manmade/Conflict_Based/School_Shooting,,
oregon school shooting,Water,Water,,
Eclipse2017,Shooting,Shooting,,
Hurricane Irma,/Disaster_Types/Natural/Geophysical/Storm/Hurricane,/Disaster_Types/Natural/Geophysical/Storm/Hurricane,,
VegasShooting,/Disaster_Types/Manmade/Conflict_Based/Terrorism/Shooting,/Disaster_Types/Manmade/Conflict_Based/Terrorism/Shooting,,
Dunbar High School shooting,/Disaster_Types/Manmade/Conflict_Based/School_Shooting,/Disaster_Types/Manmade/Conflict_Based/School_Shooting,,
NIU shooting,Shooting,Shooting,,
Virginia Tech shooting,/Disaster_Types/Manmade/Conflict_Based/School_Shooting,/Disaster_Types/Manmade/Conflict_Based/School_Shooting,,
University Alabama shooting,/Disaster_Types/Manmade/Conflict_Based/School_Shooting,/Disaster_Types/Manmade/Conflict_Based/School_Shooting,,
acid rain,Shooting,Shooting,,
air pollution,Shooting,Shooting,,
atmospheric concentration,Shooting,Shooting,,
biodiversity,Shooting,Shooting,,
biodiversity disaster,Shooting,Shooting,,
bioenergy,Shooting,Shooting,,
biofuels,Shooting,Shooting,,
blackout area,Shooting,Shooting,,
CAFE standards,Shooting,Shooting,,
carbon dioxide,Shooting,Shooting,,
carbon emissions,Shooting,Shooting,,
carbon footprint,Shooting,Shooting,,
carbon sequestration,Shooting,Shooting,,
carbon tax,Shooting,Shooting,,
clean electrons,Shooting,Shooting,,
clean energy,Shooting,Shooting,,
clean power,Shooting,Shooting,,
clean tech,Shooting,Shooting,,
climate change,Shooting,Shooting,,
Co2 emissions,Shooting,Shooting,,
conservation,Shooting,Shooting,,
conservation tillage,Shooting,Shooting,,
coral reefs,Shooting,Shooting,,
corals bleached,Shooting,Shooting,,
corn ethanol,Shooting,Shooting,,
deforestation,Shooting,Shooting,,
desalination,Shooting,Shooting,,
digital humanitarian,Shooting,Shooting,,
dirty fuel,Shooting,Shooting,,
dirty power plants,Shooting,Shooting,,
drought,Shooting,Shooting,,
ecological,Shooting,Shooting,,
ecology,Shooting,Shooting,,
economic development,Shooting,Shooting,,
economic growth,Shooting,Shooting,,
electric car,Shooting,Shooting,,
electric bus,Shooting,Shooting,,
electricity grid,Shooting,Shooting,,
endangered species,Shooting,Shooting,,
Energy-Climate Era,Shooting,Shooting,,
energy efficient,Shooting,Shooting,,
energy guzzling,Shooting,Shooting,,
energy Internet,Shooting,Shooting,,
energy poverty,Shooting,Shooting,,
energy supply and demand,Shooting,Shooting,,
environmental regulations,Shooting,Shooting,,
environmentalism,Shooting,Shooting,,
extinction event,Shooting,Shooting,,
FEMA,Shooting,Shooting,,
flattener,Shooting,Shooting,,
flood,Shooting,Shooting,,
fly ash concrete,Shooting,Shooting,,
forest fire,Shooting,Shooting,,
fossil fuels,Shooting,Shooting,,
gas guzzling,Shooting,Shooting,,
gasoline tax,Shooting,Shooting,,
geopolitical,Shooting,Shooting,,
geothermal,Shooting,Shooting,,
glacier melt,Shooting,Shooting,,
global growth,Shooting,Shooting,,
global warming,Shooting,Shooting,,
global weather,Shooting,Shooting,,
global weirding,Shooting,Shooting,,
globalization,Shooting,Shooting,,
green economy,Shooting,Shooting,,
green revolution,Shooting,Shooting,,
greenhouse gas,Shooting,Shooting,,
habitats for species,Shooting,Shooting,,
heavy rain,Shooting,Shooting,,
human rights violation,Shooting,Shooting,,
hurricane,/Disaster_Types/Natural/Geophysical/Storm/Hurricane,/Disaster_Types/Natural/Geophysical/Storm/Hurricane,,
hybrid car,Shooting,Shooting,,
hybrid bus,Shooting,Shooting,,
hybrid taxicab,Shooting,Shooting,,
Internet of Things,Shooting,Shooting,,
land development,Shooting,Shooting,,
Malthusian,Shooting,Shooting,,
megacity,Shooting,Shooting,,
melting tundra,Shooting,Shooting,,
methane,Shooting,Shooting,,
minimum fuel efficiency,Shooting,Shooting,,
natural resources,Shooting,Shooting,,
natural resource productivity,Shooting,Shooting,,
negawatts,Shooting,Shooting,,
ocean acidification,Shooting,Shooting,,
ocean carbon balance,Shooting,Shooting,,
ocean carbon uptake,Shooting,Shooting,,
outsourcing,Shooting,Shooting,,
over consumption,Shooting,Shooting,,
overpopulation,Shooting,Shooting,,
palm oil,Shooting,Shooting,,
Pantanal,Shooting,Shooting,,
per capita consumption,Shooting,Shooting,,
petro-dictator,Shooting,Shooting,,
petro-state,Shooting,Shooting,,
population,Shooting,Shooting,,
poverty,Shooting,Shooting,,
rain forest,Shooting,Shooting,,
rapidly depleting ecosystems,Shooting,Shooting,,
recycling,Shooting,Shooting,,
reduced albedo,Shooting,Shooting,,
renewable energy generation,Shooting,Shooting,,
renewable industries,Shooting,Shooting,,
renewable resources,Shooting,Shooting,,
retreating glaciers,Shooting,Shooting,,
smart home,Shooting,Shooting,,
solar cell,Shooting,Shooting,,
solar energy,Shooting,Shooting,,
solar panels,Shooting,Shooting,,
solar power,Shooting,Shooting,,
stewardship,Shooting,Shooting,,
superstorm,Shooting,Shooting,,
supply chain,Shooting,Shooting,,
sustainability,Shooting,Shooting,,
switchgrass,Shooting,Shooting,,
tax incentives,Shooting,Shooting,,
threatened species,Shooting,Shooting,,
tornado,Shooting,Shooting,,
uploading,Shooting,Shooting,,
urban sprawl,Shooting,Shooting,,
urbanization,Shooting,Shooting,,
water pollution,Shooting,Shooting,,
water shortage,Shooting,Shooting,,
wind energy,Shooting,Shooting,,
wind power,Shooting,Shooting,,
wind turbine,Shooting,Shooting,,
wood chips,Shooting,Shooting,,
world temperature,Shooting,Shooting,,
#2015CRF,Shooting,Shooting,,
#2030NOW,Shooting,Shooting,,
@350Australia,Shooting,Shooting,,
@350Pacific,Shooting,Shooting,,
#ActInParis,Shooting,Shooting,,
#action2015,Shooting,Shooting,,
@action4ifaw,Shooting,Shooting,,
#ActionsForClimate,Shooting,Shooting,,
#ActOnClimate,Shooting,Shooting,,
#actonclimate,Shooting,Shooting,,
#AllHands75,Shooting,Shooting,,
#biodiversity,Shooting,Shooting,,
#bleaching,Shooting,Shooting,,
#CGI2015,Shooting,Shooting,,
@CiHawaii,Shooting,Shooting,,
#cleanenergy,Shooting,Shooting,,
#climate,Shooting,Shooting,,
#climateaction,Shooting,Shooting,,
#climatechange,Shooting,Shooting,,
#ClimateFact,Shooting,Shooting,,
#climatefinance,Shooting,Shooting,,
#ClimateHope,Shooting,Shooting,,
@ClimateReality,Shooting,Shooting,,
drug addiction recovery,Natural,Natural,,
#Hoboken,Recovery,Recovery,,
#TyphoonMeranti,National,National,,
#TyphoonMegi,Damage,Damage,,
hurricane wind,/Disaster_Types/Natural/Geophysical/Storm/Hurricane,/Disaster_Types/Natural/Geophysical/Storm/Hurricane,,
hurricane evacuation,/Disaster_Types/Natural/Geophysical/Storm/Hurricane,/Disaster_Types/Natural/Geophysical/Storm/Hurricane,,
hurricane Miami,/Disaster_Types/Natural/Geophysical/Storm/Hurricane,/Disaster_Types/Natural/Geophysical/Storm/Hurricane,,
hurricane Haiti,/Disaster_Types/Natural/Geophysical/Storm/Hurricane,/Disaster_Types/Natural/Geophysical/Storm/Hurricane,,
hurricane Bahamas,/Disaster_Types/Natural/Geophysical/Storm/Hurricane,/Disaster_Types/Natural/Geophysical/Storm/Hurricane,,
"Florida Power & Light OR ""FPL"" OR ""FP&L""",Hurricane,Hurricane,,
#TyphoonHaima,Natural,Natural,,
#TyphoonLawin,Storm,Storm,,
Colonial Pipeline,Storm,Storm,,
poison ivy,Water,Water,,
Aleppo battle,Compound,Compound,,
Berlin truck Christmas market,War,War,,
Ankara Russian ambassador,Attack,Attack,,
IMF Christine Lagarde convicted,Assassination,Assassination,,
Trump wins Electoral College vote,International,International,,
DC traffic,General,General,,
Peru mudslide,Flood,Flood,,
Peru flood,Rain,Rain,,
Westminster attack,Flood,Flood,,
London attack,Attack,Attack,,
surface water,Attack,Attack,,
water quality,Water,Water,,
#I85BridgeCollapse,Water,Water,,
VT Remembrance,/Disaster_Types/Manmade/Conflict_Based/School_Shooting,/Disaster_Types/Manmade/Conflict_Based/School_Shooting,,
